{"NeighborhoodPPS":{"1026.0":266.9517563353,"1027.0":228.8350217077,"1028.0":327.0990128465,"1029.0":328.1853281853,"1030.0":284.897047397,"107.0":183.0948338588,"1126.0":226.9169764783,"1127.0":129.2374952358,"1129.0":145.8548852867,"1130.0":192.8633975482,"1226.0":199.0725986443,"1228.0":196.0704848969,"126.0":232.3057020951,"1326.0":227.5096225258,"1327.0":438.8888888889,"1328.0":255.134158651,"1329.0":245.9511236624,"1330.0":248.833592535,"1426.0":159.5392064402,"1626.0":256.785616991,"1627.0":233.6028067571,"1926.0":208.8264874143,"2026.0":185.3115324038,"2126.0":245.3249048679,"2127.0":193.1320076073,"2128.0":227.212543554,"2132.0":185.2481591898,"2133.0":229.3621333333,"2134.0":276.7242915235,"2136.0":250.0534327132,"2139.0":216.8333333333,"2142.0":275.5142790199,"2143.0":287.4124465844,"2144.0":318.5785652241,"2145.0":274.6162614044,"2211.0":260.1156069364,"2226.0":287.2509923232,"2227.0":232.2178639837,"2228.0":296.869370023,"2229.0":266.7118667879,"2230.0":309.9173553719,"2231.0":239.927904293,"2236.0":252.6216881833,"2237.0":308.743774219,"226.0":154.7050321498,"2326.0":231.596074614,"2328.0":220.480338488,"2330.0":214.417668632,"2426.0":273.6486851936,"2427.0":250.3170289855,"2428.0":226.2426447983,"2430.0":228.4482758621,"2431.0":311.8203760163,"2433.0":183.0161054173,"2434.0":252.6050409372,"2436.0":292.2453703704,"2440.0":263.038277512,"2441.0":215.1534183749,"2443.0":196.8864468864,"2445.0":250.3127584824,"2447.0":228.6208249953,"2448.0":221.0305428153,"2526.0":262.4224684393,"2527.0":264.2723198747,"2529.0":253.4039198606,"2530.0":206.5727699531,"2626.0":273.3548052659,"2627.0":245.6671064483,"2628.0":189.1256910708,"2630.0":215.1855245178,"2631.0":205.0368509044,"2632.0":212.4208437298,"2634.0":237.5640847865,"2635.0":234.3332225043,"2637.0":238.2913984307,"2639.0":213.8378291606,"2640.0":293.1582878989,"2641.0":260.9684075667,"2642.0":235.4006013906,"2644.0":201.3192249151,"2645.0":203.7885444842,"2726.0":207.3833105434,"3026.0":132.0035527044,"3027.0":124.3541421601,"3030.0":79.3850806452,"3031.0":58.5884377003,"3032.0":86.5205022723,"3033.0":106.5589143959,"3126.0":175.381207582,"3127.0":211.8829737045,"3128.0":118.571471172,"3129.0":143.3591990951,"3130.0":176.9307243047,"3131.0":163.3985320112,"3132.0":147.7063054651,"3133.0":111.1039702893,"3134.0":96.5522384541,"3135.0":74.7159090909,"3179.0":172.6640084203,"3226.0":237.8973280978,"3227.0":249.0620494722,"3228.0":233.9905967458,"3229.0":245.7391105971,"3230.0":221.8075740036,"3231.0":224.2297635312,"3232.0":196.7573597595,"3233.0":151.2342515714,"3235.0":192.9681264584,"3236.0":169.3647232414,"3237.0":187.5453901094,"3238.0":200.2895593747,"3239.0":188.342274215,"3240.0":192.6987153904,"3241.0":197.0813840457,"3242.0":189.6130053144,"3243.0":252.8395291913,"3244.0":225.497311828,"3245.0":230.3923961841,"3246.0":218.6586299274,"3247.0":208.107613879,"3248.0":222.8343471513,"3249.0":187.1037827198,"3250.0":214.0789969834,"3251.0":241.4546786878,"3252.0":211.119456952,"3253.0":224.4311626292,"3254.0":190.3850983584,"3255.0":225.9777057399,"3256.0":201.7281285685,"3257.0":194.9223081111,"3258.0":219.4806680931,"3259.0":233.9271255007,"326.0":179.1105732212,"3260.0":254.236447812,"3262.0":174.6770987907,"3263.0":244.2631306932,"3264.0":172.3488981238,"3265.0":189.3163477584,"3266.0":192.1882394236,"3267.0":262.0212183157,"3269.0":192.9181813122,"3270.0":213.4504184852,"3271.0":214.1593587402,"3272.0":225.9892570082,"3273.0":192.8442939701,"3274.0":177.4908594819,"3275.0":217.5218993587,"3276.0":201.1506890392,"3278.0":246.1447212337,"3279.0":196.0442186047,"3280.0":234.8576180552,"3281.0":253.3239122473,"3282.0":280.2719100618,"3283.0":203.1175596419,"3326.0":155.6777870816,"3327.0":164.08718768,"3328.0":166.1225157637,"3329.0":192.2141350822,"3330.0":201.4354645048,"3331.0":139.8148713303,"3332.0":233.5194723669,"3333.0":173.2139773537,"3334.0":178.1925065153,"3335.0":171.9042825876,"3337.0":137.0247075958,"3338.0":121.1513472472,"3339.0":243.7827471729,"3341.0":92.5220458554,"3343.0":202.8294183039,"3345.0":146.6729870282,"3347.0":119.1738542208,"3348.0":165.1876467979,"3349.0":160.8221450942,"3350.0":137.8195528276,"3351.0":135.8066239316,"3426.0":184.4962219579,"3506.0":149.5726495726,"3527.0":155.7914398282,"3528.0":128.1958738207,"3529.0":106.9786452136,"3530.0":91.1283564898,"3531.0":108.4020179685,"3532.0":106.8208467821,"3533.0":101.8546571431,"3534.0":99.3213650227,"3535.0":103.5903017423,"3536.0":107.5404848111,"3626.0":188.7614502969,"3627.0":190.0250589054,"3628.0":190.376882798,"3629.0":181.1729554314,"3630.0":206.9000174707,"3726.0":238.8999413659,"3727.0":235.6427196424,"3728.0":223.2738786804,"3729.0":234.9087451253,"3730.0":198.6366694297,"3731.0":191.700954787,"3732.0":191.2133189393,"3733.0":204.951951901,"3735.0":209.9429844031,"3736.0":187.5624932829,"3737.0":205.0302817956,"3738.0":252.0538572918,"3739.0":207.3301097514,"3740.0":193.3606427736,"3742.0":175.1348193496,"3743.0":225.1825669303,"3744.0":225.0357585634,"3745.0":218.1476429539,"3746.0":208.2082082082,"3747.0":232.7586206897,"3748.0":194.4892645514,"3750.0":232.6240818043,"3751.0":252.5876538884,"3752.0":181.1295496338,"3753.0":202.73219213,"3754.0":187.4691279981,"3755.0":205.9223402824,"3757.0":185.7443925551,"3758.0":158.051371995,"3760.0":121.5186104218,"3761.0":234.0331616928,"3762.0":224.8324303851,"3764.0":125.8169061987,"3765.0":134.2854954754,"3766.0":147.027534418,"3826.0":115.0688600811,"3827.0":104.477461058,"3828.0":90.2006069608,"3829.0":108.457736087,"3830.0":101.1073346943,"3831.0":95.9967122855,"3926.0":123.3849949244,"3927.0":128.0327360574,"3928.0":114.9870438262,"3929.0":113.5126468457,"3930.0":108.34795521,"3931.0":65.791352026,"3932.0":78.0226645832,"3933.0":105.7942708333,"3934.0":96.1753901268,"3935.0":98.5171822159,"3936.0":57.8253549207,"3937.0":101.5433476265,"3943.0":35.2351689562,"3944.0":72.649764132,"3945.0":99.8630346369,"3946.0":118.8280815629,"3947.0":105.8200720218,"4015.0":122.2222222222,"4026.0":189.4207774716,"4027.0":159.8336332284,"4028.0":148.0480700979,"4029.0":123.3411327437,"4030.0":133.719768216,"4031.0":103.3928816899,"4032.0":88.590379478,"4033.0":177.4348826701,"4035.0":122.0977920228,"4036.0":59.5886111111,"4037.0":118.2897401385,"4038.0":154.0071695905,"4039.0":56.5600635481,"4040.0":156.5468348763,"4041.0":112.3216145461,"4042.0":155.1969690357,"4043.0":113.2382716631,"4045.0":142.0043572985,"4046.0":111.44613742,"4047.0":106.862745098,"4049.0":119.5972204245,"4050.0":133.3300428177,"4052.0":121.6854240879,"4053.0":105.1577200463,"4054.0":142.3635037681,"4055.0":115.8795985416,"4056.0":130.5535716019,"4058.0":127.9128209221,"4059.0":141.7931096302,"4060.0":118.2072638007,"4061.0":157.9014445475,"4062.0":139.921396794,"4064.0":162.8922068136,"4065.0":142.295461991,"4066.0":133.6494043151,"4067.0":138.9762766699,"4068.0":174.6599003452,"4069.0":151.3526595973,"4070.0":110.2838022698,"4071.0":131.4480320002,"4073.0":125.8757516675,"4075.0":152.5681595966,"4076.0":100.8431394779,"4077.0":174.5530697404,"4078.0":156.1728014274,"4079.0":121.9184639961,"4080.0":149.0864384183,"4081.0":135.0708647381,"4082.0":136.5912756818,"4083.0":149.2361179368,"4084.0":123.7463274311,"4085.0":226.6906915582,"4086.0":199.6212577506,"4087.0":280.4578199512,"4088.0":223.7887439628,"4090.0":281.4808758755,"4091.0":246.9198527574,"4092.0":156.7242438147,"4093.0":134.1165967814,"4094.0":125.2541968468,"4095.0":326.7440252799,"4096.0":190.5531751404,"4097.0":164.1742337675,"4098.0":478.4792806456,"4099.0":125.5305552584,"4113.0":222.419075631,"4126.0":150.8684268151,"4127.0":132.9122101483,"4128.0":145.857689292,"4129.0":144.3162737954,"4130.0":143.6430113058,"4131.0":144.0408436582,"4132.0":123.6902171301,"4133.0":134.5459742419,"4135.0":110.935440198,"4136.0":120.3686445066,"4137.0":103.5154202055,"4138.0":114.8863858211,"4139.0":126.0440495545,"4140.0":176.4413282099,"4141.0":120.8746413703,"4142.0":100.5505982023,"4143.0":106.9738562092,"4144.0":100.2530815054,